<?xml version="1.0" encoding="UTF-8"?>
<project-private xmlns="http://www.netbeans.org/ns/project-private/1">
    <editor-bookmarks xmlns="http://www.netbeans.org/ns/editor-bookmarks/2" lastBookmarkId="0"/>
    <open-files xmlns="http://www.netbeans.org/ns/projectui-open-files/2">
        <group>
            <file>file:/C:/Users/alanv/Documents/NetBeansProjects/Estudiantes/src/estudiantes/EstudianteObjeto.java</file>
            <file>file:/C:/Users/alanv/Documents/NetBeansProjects/Estudiantes/src/estudiantes/Metodos.java</file>
            <file>file:/C:/Users/alanv/Documents/NetBeansProjects/Estudiantes/src/estudiantes/Estudiantes.java</file>
            <file>file:/C:/Users/alanv/Documents/NetBeansProjects/Estudiantes/src/estudiantes/NewJFrame.java</file>
        </group>
    </open-files>
</project-private>
